model,mode,rate,n_repeats,mae@3,mae@6,mae@12,mae_std@3,mae_std@6,mae_std@12,dmae@3,dmae@6,dmae@12
DCRNN,edge_removal,0.1,3,1.4272067149480183,1.819728414217631,2.2311246395111084,0.006924010771824302,0.011448947800658348,0.024214873665148285,0.07738633950551344,0.13848535219828295,0.24037063121795654
DCRNN,edge_removal,0.2,3,1.485156734784444,1.9198090235392253,2.394251902898153,0.01388878607719354,0.024323707861445432,0.04671473639391481,0.13533635934193922,0.2385659615198772,0.40349789460500096
DCRNN,edge_removal,0.3,3,1.5360653797785442,2.015746275583903,2.5673495133717856,0.0034266637883902705,0.011638884605930721,0.02818314067660414,0.1862450043360393,0.3345032135645547,0.5765955050786338
DCRNN,weight_noise,0.1,3,1.3513477245966594,1.6832303206125896,1.994097352027893,0.000342611871821373,0.0007075966223880108,0.001074906261620051,0.0015273491541545337,0.0019872585932414477,0.003343343734741211
DCRNN,weight_noise,0.2,3,1.3571443955103557,1.6915005048116047,2.0076799392700195,0.0005754697241780746,0.0012665779255428406,0.0016235175889370097,0.007324020067850823,0.0102574427922566,0.016925930976867676
DCRNN,weight_noise,0.3,3,1.3675119082132976,1.707111398379008,2.0344836711883545,0.000979637858254492,0.0014472596464921183,0.0015168101685127063,0.017691532770792717,0.025868336359659905,0.04372966289520264
DCRNN,targeted_betweenness,0.1,1,1.457100749015808,1.8723764419555664,2.3434510231018066,0.0,0.0,0.0,0.10728037357330322,0.19113337993621826,0.3526970148086548
DCRNN,targeted_betweenness,0.2,1,1.5327682495117188,2.002743721008301,2.545530319213867,0.0,0.0,0.0,0.18294787406921387,0.32150065898895264,0.5547763109207153
DCRNN,targeted_betweenness,0.3,1,1.609296441078186,2.120180130004883,2.734447956085205,0.0,0.0,0.0,0.25947606563568115,0.43893706798553467,0.7436939477920532
